name,description,email,status,role,total_transaction_sum
Kenneth Steele,beUmUZpQHycpGRIGs,ter@vutza.tm,Active,Admin,60
Chris Mitchell,wvgMOYGQlvJElB,sedsar@poj.sm,Active,Admin,50
Lina Carson,cgsJNFhKPSlqydKnxz,horup@cuw.ml,Active,Admin,26
Lawrence Roberts,AAMjH,bot@tuzbojona.ph,Inactive,Merchant,30
Sam Kelley,NNoXsDiAzcDzFDvyR,ohdu@zu.gq,Inactive,Merchant,27
Glenn Steele,BoAkmwNwnfRK,pil@facnundom.as,Active,Merchant,20
Hannah Neal,XMNnNpRlyriq,tor@jid.zw,Inactive,Admin,28
Alberta Bush,AlXVbCFoSH,igobeiho@rinoof.ag,Active,Admin,39
Amanda Cruz,AwdXPcRmPGdwzfCX,nestihal@wuboh.cz,Inactive,Admin,61
Hallie Campbell,jNXgYKQua,kanadpas@oneidusug.tr,Active,Merchant,46
Vernon Tyler,uKyQROeWJmNyemq,mak@liow.uk,Inactive,Merchant,44
Hattie Yates,kOdnIcahjjAsFzEueGNO,numipho@hit.mc,Active,Merchant,41
Myrtle Ellis,aSbmyyOAfpxtv,cujif@lahimtok.bv,Active,Admin,46
Lizzie Blake,isUFkYerwud,cihawti@go.vn,Inactive,Merchant,60
Charles Reeves,wHEjdvLKZuutxG,pipec@vaf.ve,Inactive,Merchant,37
Sadie Mack,sXVkgGEGlHyICGtlzww,zigkaw@letminpek.mr,Inactive,Merchant,19
Sean Reynolds,mQmUlgiOVUgwE,uga@ziijwa.tv,Active,Admin,21
Bernard Collins,XySzggF,juzse@ohsibjep.pa,Active,Admin,34
Millie Torres,WoAPi,pa@sed.co,Active,Merchant,63
Ernest Nash,DYxiGbQ,citnus@vuvew.ru,Inactive,Merchant,41
Adelaide Curtis,bBvigxxdEPFfEoZwLx,egugo@aw.jm,Inactive,Merchant,48
Lillian McDonald,CSjZjju,ri@ep.no,Inactive,Admin,42
Michael Ward,mGtvN,rackefiz@vowohsek.bt,Inactive,Merchant,42
Isabelle Owen,LbZjjEKw,ja@mufikunod.mn,Active,Admin,65
Troy Nash,BRAUVreL,jodignuf@puned.gg,Inactive,Merchant,58
Minerva Webb,yKUoegohN,tidcage@souja.sl,Active,Admin,23
Jacob Waters,xBFywUa,fojkisnak@hazehoc.sc,Inactive,Merchant,52
Francisco Erickson,boLbHwSTPAzYCrAe,ci@dedbuf.na,Inactive,Merchant,25
Lucille Frank,twdWK,gesa@kec.cw,Inactive,Merchant,53
Jose Santiago,ZVllXANppl,coz@vamja.sa,Active,Admin,29
Willie Poole,YtGXeoS,kepce@ogu.ky,Active,Merchant,63
Esther Hunt,rnbogv,wovucih@juzvaswo.tm,Active,Merchant,57
Lucas Dunn,ULpZV,zajipeza@idi.dj,Active,Merchant,36
Claudia Romero,cXFzGTMFNPiZIPDpBor,jazme@do.hr,Active,Merchant,44
Paul Johnson,cmpKuIgUP,tup@vek.kn,Active,Merchant,56
Manuel Taylor,jvEKDEnZEBEukQMgjn,vu@bedbadvo.mg,Active,Merchant,56
Bobby Lane,eWFjdELMVKSKp,ditumjo@idoragko.bb,Inactive,Admin,49
Jeffrey Drake,oTCvgwKsZhHaxdvSyr,jakfac@sak.cg,Active,Merchant,19
Elijah Lyons,AWzId,vicri@katob.mt,Active,Merchant,18
Joshua Castro,fqfvGE,ahuahiser@durono.tr,Active,Merchant,59
Lola Matthews,lZXBWTkPYXmShqDnZb,ipialutiw@gahlerawa.hn,Active,Admin,20
Bill Cortez,JiQdALT,fi@mar.qa,Active,Admin,63
Angel Delgado,KFELPUL,poni@hipun.gl,Inactive,Merchant,21
Minnie Smith,nGariGBiDrkvt,kagoji@acibeuk.so,Inactive,Admin,40
Mae Stewart,xtqDycaSOU,vivnutez@opa.an,Active,Merchant,41
James Soto,KWXXDYUI,fowle@sulrucilu.mr,Active,Merchant,39
Sylvia Santos,jrNhrV,teb@vomnegzu.mx,Active,Admin,41
Grace Keller,TeywPubTLDaYOiGJKtE,jag@imucut.bv,Active,Merchant,62
Jordan Malone,qGIXHsbtQCpAGZC,cu@aczosdew.io,Active,Merchant,35
Alta Buchanan,xpUBDhRgEz,alvicba@ev.ps,Active,Merchant,49
Adele Henderson,GzUJEFFWtQhHtUzh,gom@wa.td,Inactive,Merchant,62
Ronnie Foster,szcNMgsc,kihos@one.ca,Active,Merchant,33
Mathilda Sparks,uKzsIkKYrzvOgkM,epije@zeonuva.hn,Inactive,Merchant,19
Essie Pierce,kenwMych,rupi@bevnaguh.ac,Inactive,Admin,59
Maggie Hicks,bhHpzEPmgtzAbTm,wudve@ruzdo.ci,Inactive,Merchant,19
Ricardo Anderson,XRflJMVCAilzbM,ohimjet@efauvu.sz,Active,Merchant,52
Carl James,NDqquoaLKRUUB,untuzrih@purib.ke,Inactive,Admin,25
Troy Snyder,LkaDycEYPg,nul@pa.mv,Inactive,Admin,21
Lester Santiago,mVpYi,vaejo@bopulor.cz,Inactive,Merchant,28
Dennis Watson,PLpNtkDizdZok,kajlemok@wotnivu.gh,Active,Admin,21
Lucas Chavez,yNzVADyFkYWlH,zaupi@pajikod.ir,Active,Merchant,58
Kenneth Luna,wWFYEugAddCtCCWaCX,douwoja@terbojfin.bq,Active,Admin,36
Theodore Steele,mdbIBIhBVsr,vodcaf@fo.ge,Inactive,Merchant,60
Ethel Leonard,KdNhRfnivNxV,zote@bid.gd,Active,Admin,48
Nannie Fields,EuvAi,ru@ifo.gp,Active,Merchant,31
Ricardo Gregory,CPMRdnZVbP,kosugbu@uzurok.my,Active,Merchant,47
Raymond McCarthy,ZJUdQdzwTvArAzIhsFr,tacugujud@wulene.cy,Active,Merchant,53
Lily Perry,rMqwNlYhArJBXE,afvorro@paebirow.ly,Active,Merchant,60
Clifford Francis,niNcYFUbtJeUjA,fetpo@ca.bf,Active,Merchant,21
Landon Jensen,xdUAGBnfOwHop,omodod@lo.ps,Inactive,Admin,63
Cole Lawson,yipduGceiEA,riwzumi@fig.tv,Inactive,Admin,31
Peter Harrison,vBfjseFkyvQN,to@kucwo.sl,Inactive,Merchant,31
Hannah Nichols,gLJTQnDJ,uf@buzbedji.sx,Active,Merchant,25
Maria Summers,UllamsiLb,web@virfapco.hn,Inactive,Admin,27
Jim Summers,zWcOYSVEBi,asi@rabpejel.pn,Active,Merchant,45
Andre Lyons,xLShryfvnOjZShG,giwdoppad@lag.au,Active,Admin,36
Caroline Maxwell,kjSRBMzkjFJkpg,tozvuhri@fungowju.ac,Inactive,Merchant,27
Stanley Bridges,iTDuPKWEUjnSEQzCm,inaipabo@dunoha.ae,Inactive,Admin,27
Mitchell Morris,GrCXOioT,sabhecug@ojho.ky,Inactive,Admin,35
Maria Boone,xyeOoqnf,bok@zo.ba,Active,Admin,43
Mario Daniel,zATlTvuUZglNC,dawpemhim@ub.fm,Inactive,Admin,18
Cecelia Roy,MFaNzxJgUdKZkYpTe,diblop@magdicdi.gh,Active,Merchant,40
Irene Poole,WCiNeKQFKybl,abde@hurje.sg,Inactive,Admin,64
Georgia Harrington,dBSSCjdSCRVdJUhU,vi@vig.gn,Inactive,Merchant,29
Edwin Hopkins,AJloSaXmTsS,ro@ujlew.gy,Active,Admin,61
Lilly James,epQspCuGKrSukm,gadijkek@izenu.at,Active,Admin,22
Harriet Delgado,SdCSzbUFco,omsin@ohiirib.io,Active,Admin,25
Mabelle Murray,hdwfX,jew@buive.cw,Inactive,Admin,26
Connor Stephens,gqYhUFIzySAgDg,posad@debed.iq,Inactive,Admin,21
Mitchell Todd,bxLyUVPqaUZaLA,awa@ve.ye,Active,Merchant,29
Alberta Cain,uPNGf,dail@zi.nr,Active,Admin,57
Michael Lewis,HojWfjocknurrwu,fihugru@nog.gu,Active,Merchant,60
Tony Padilla,hvchkUW,ba@fa.bj,Active,Merchant,43
Marguerite Flowers,HpRvTROPyMyozIZBk,li@mafgitse.cr,Active,Admin,43
Sallie Mann,evykhcYUgWW,hadun@opa.ao,Inactive,Merchant,44
Florence Henry,aBoJHGvEdGJGzEOJUzGh,nem@rag.uk,Inactive,Admin,34
Scott Ballard,LCQVlHGLxML,emruktav@poswar.ly,Active,Merchant,38
Ronnie Newman,WnsGFTGNoynNdlAgvJ,suet@duvta.yt,Active,Merchant,59
Lelia Johnston,mthXUx,evhowad@bohsemis.np,Active,Admin,57
Howard Caldwell,oetWxmGHMrmmu,dazo@wezuva.tf,Active,Merchant,41
